<?xml version="1.0" encoding="UTF-8" standalone="yes"?>
<ns2:ExportManifest xmlns:ns2="http://www.pentaho.com/schema/">
    <ExportManifestInformation exportDate="05-01-2017 04:46:03 CET" exportBy="admin" rootFolder="/public/" manifestVersion="2"/>
    <ExportManifestEntity path="tutorial7">
        <ExportManifestProperty>
            <EntityMetaData name="tutorial7" createdDate="2017-01-05T04:45:17.651+01:00" isFolder="true" path="tutorial7" isHidden="false" locale="en_US" title="tutorial7"/>
        </ExportManifestProperty>
        <ExportManifestProperty>
            <EntityAcl>
                <entriesInheriting>true</entriesInheriting>
                <owner>admin</owner>
                <ownerType>USER</ownerType>
            </EntityAcl>
        </ExportManifestProperty>
    </ExportManifestEntity>
    <ExportManifestEntity path="tutorial7/EjercicioTypeA.cda">
        <ExportManifestProperty>
            <EntityMetaData name="EjercicioTypeA.cda" createdDate="2017-01-05T04:45:36.815+01:00" isFolder="false" path="tutorial7/EjercicioTypeA.cda" isHidden="false" locale="en_US" title="EjercicioTypeA.cda"/>
        </ExportManifestProperty>
        <ExportManifestProperty>
            <EntityAcl>
                <entriesInheriting>true</entriesInheriting>
                <owner>in07</owner>
                <ownerType>USER</ownerType>
            </EntityAcl>
        </ExportManifestProperty>
    </ExportManifestEntity>
    <ExportManifestEntity path="tutorial7/EjercicioTypeA.cdfde">
        <ExportManifestProperty>
            <EntityMetaData name="EjercicioTypeA.cdfde" createdDate="2017-01-05T04:45:36.848+01:00" isFolder="false" path="tutorial7/EjercicioTypeA.cdfde" isHidden="false" locale="en_US" title="EjercicioTypeA.cdfde"/>
        </ExportManifestProperty>
        <ExportManifestProperty>
            <EntityAcl>
                <entriesInheriting>true</entriesInheriting>
                <owner>in07</owner>
                <ownerType>USER</ownerType>
            </EntityAcl>
        </ExportManifestProperty>
    </ExportManifestEntity>
    <ExportManifestEntity path="tutorial7/EjercicioTypeA.wcdf">
        <ExportManifestProperty>
            <EntityMetaData name="EjercicioTypeA.wcdf" createdDate="2017-01-05T04:45:36.767+01:00" isFolder="false" path="tutorial7/EjercicioTypeA.wcdf" isHidden="false" locale="en_US" title="EjercicioTypeA"/>
        </ExportManifestProperty>
        <ExportManifestProperty>
            <EntityAcl>
                <entriesInheriting>true</entriesInheriting>
                <owner>in07</owner>
                <ownerType>USER</ownerType>
            </EntityAcl>
        </ExportManifestProperty>
    </ExportManifestEntity>
    <ExportManifestEntity path="tutorial7/Tutorial7Moises.cda">
        <ExportManifestProperty>
            <EntityMetaData name="Tutorial7Moises.cda" createdDate="2017-01-05T04:45:37.158+01:00" isFolder="false" path="tutorial7/Tutorial7Moises.cda" isHidden="false" locale="en_US" title="Tutorial7Moises.cda"/>
        </ExportManifestProperty>
        <ExportManifestProperty>
            <EntityAcl>
                <entriesInheriting>true</entriesInheriting>
                <owner>in07</owner>
                <ownerType>USER</ownerType>
            </EntityAcl>
        </ExportManifestProperty>
    </ExportManifestEntity>
    <ExportManifestEntity path="tutorial7/Tutorial7Moises.cdfde">
        <ExportManifestProperty>
            <EntityMetaData name="Tutorial7Moises.cdfde" createdDate="2017-01-05T04:45:37.192+01:00" isFolder="false" path="tutorial7/Tutorial7Moises.cdfde" isHidden="false" locale="en_US" title="Tutorial7Moises.cdfde"/>
        </ExportManifestProperty>
        <ExportManifestProperty>
            <EntityAcl>
                <entriesInheriting>true</entriesInheriting>
                <owner>in07</owner>
                <ownerType>USER</ownerType>
            </EntityAcl>
        </ExportManifestProperty>
    </ExportManifestEntity>
    <ExportManifestEntity path="tutorial7/Tutorial7Moises.wcdf">
        <ExportManifestProperty>
            <EntityMetaData name="Tutorial7Moises.wcdf" createdDate="2017-01-05T04:45:37.083+01:00" isFolder="false" path="tutorial7/Tutorial7Moises.wcdf" isHidden="false" locale="en_US" title="Tutorial7Moises"/>
        </ExportManifestProperty>
        <ExportManifestProperty>
            <EntityAcl>
                <entriesInheriting>true</entriesInheriting>
                <owner>in07</owner>
                <ownerType>USER</ownerType>
            </EntityAcl>
        </ExportManifestProperty>
    </ExportManifestEntity>
</ns2:ExportManifest>
